Timestamp,Eth Src,Action
2025-04-21 18:25:55,00:00:00:00:00:16,00:00:00:00:00:13,Rate Limit at 500kbps (Prediction: DDoS_TCP)
2025-04-21 18:25:55,00:00:00:00:00:13,00:00:00:00:00:16,Rate Limit at 500kbps (Prediction: DDoS_TCP)
2025-04-21 18:25:55,00:00:00:00:00:13,00:00:00:00:00:12,Rate Limit at 500kbps (Prediction: DDoS_TCP)
2025-04-21 18:25:55,00:00:00:00:00:11,00:00:00:00:00:13,Rate Limit at 500kbps (Prediction: DDoS_ICMP)
2025-04-21 18:25:56,00:00:00:00:00:16,00:00:00:00:00:13,Rate Limit at 500kbps (Prediction: DDoS_TCP)
2025-04-21 18:25:56,00:00:00:00:00:13,00:00:00:00:00:16,Rate Limit at 500kbps (Prediction: DDoS_TCP)
2025-04-21 18:25:56,00:00:00:00:00:12,00:00:00:00:00:13,Rate Limit at 500kbps (Prediction: DDoS_TCP)
2025-04-21 18:25:56,00:00:00:00:00:13,00:00:00:00:00:12,Rate Limit at 500kbps (Prediction: DDoS_TCP)
2025-04-21 18:25:56,00:00:00:00:00:13,00:00:00:00:00:11,Rate Limit at 500kbps (Prediction: DDoS_ICMP)
2025-04-21 18:26:00,00:00:00:00:00:16,00:00:00:00:00:13,Rate Limit at 500kbps (Prediction: DDoS_TCP)
2025-04-21 18:26:01,00:00:00:00:00:16,00:00:00:00:00:13,Rate Limit at 500kbps (Prediction: DDoS_TCP)
2025-04-21 18:26:05,00:00:00:00:00:12,00:00:00:00:00:13,Rate Limit at 500kbps (Prediction: DDoS_TCP)
2025-04-21 18:26:11,00:00:00:00:00:12,00:00:00:00:00:13,Rate Limit at 500kbps (Prediction: DDoS_TCP)
2025-04-21 18:26:15,00:00:00:00:00:12,00:00:00:00:00:13,Rate Limit at 500kbps (Prediction: DDoS_TCP)
2025-04-21 18:26:16,00:00:00:00:00:12,00:00:00:00:00:13,Rate Limit at 500kbps (Prediction: DDoS_TCP)
2025-04-21 18:26:20,00:00:00:00:00:12,00:00:00:00:00:13,Rate Limit at 500kbps (Prediction: DDoS_TCP)
2025-04-21 18:26:20,00:00:00:00:00:13,00:00:00:00:00:11,Rate Limit at 500kbps (Prediction: DDoS_ICMP)
2025-04-21 18:26:21,00:00:00:00:00:12,00:00:00:00:00:13,Rate Limit at 500kbps (Prediction: DDoS_TCP)
2025-04-21 18:26:21,00:00:00:00:00:16,00:00:00:00:00:13,Rate Limit at 500kbps (Prediction: DDoS_TCP)
2025-04-21 18:26:25,00:00:00:00:00:13,00:00:00:00:00:11,Rate Limit at 500kbps (Prediction: DDoS_ICMP)
2025-04-21 18:26:25,00:00:00:00:00:16,00:00:00:00:00:13,Rate Limit at 500kbps (Prediction: DDoS_TCP)
2025-04-21 18:26:25,00:00:00:00:00:13,00:00:00:00:00:16,Rate Limit at 500kbps (Prediction: DDoS_TCP)
2025-04-21 18:26:25,00:00:00:00:00:13,00:00:00:00:00:12,Rate Limit at 500kbps (Prediction: DDoS_TCP)
2025-04-21 18:26:26,00:00:00:00:00:16,00:00:00:00:00:13,Rate Limit at 500kbps (Prediction: DDoS_TCP)
2025-04-21 18:26:26,00:00:00:00:00:13,00:00:00:00:00:16,Rate Limit at 500kbps (Prediction: DDoS_TCP)
2025-04-21 18:26:26,00:00:00:00:00:13,00:00:00:00:00:12,Rate Limit at 500kbps (Prediction: DDoS_TCP)
2025-04-21 18:26:30,00:00:00:00:00:13,00:00:00:00:00:11,Rate Limit at 500kbps (Prediction: DDoS_ICMP)
2025-04-21 18:26:31,00:00:00:00:00:16,00:00:00:00:00:13,Rate Limit at 500kbps (Prediction: DDoS_TCP)
2025-04-21 18:26:31,00:00:00:00:00:13,00:00:00:00:00:11,Rate Limit at 500kbps (Prediction: DDoS_ICMP)
2025-04-21 18:26:35,00:00:00:00:00:16,00:00:00:00:00:13,Rate Limit at 500kbps (Prediction: DDoS_TCP)
2025-04-21 18:26:35,00:00:00:00:00:13,00:00:00:00:00:11,Rate Limit at 500kbps (Prediction: DDoS_ICMP)
2025-04-21 18:26:36,00:00:00:00:00:13,00:00:00:00:00:11,Rate Limit at 500kbps (Prediction: DDoS_ICMP)
2025-04-21 18:26:36,00:00:00:00:00:16,00:00:00:00:00:13,Rate Limit at 500kbps (Prediction: DDoS_TCP)
2025-04-21 18:26:40,00:00:00:00:00:13,00:00:00:00:00:11,Rate Limit at 500kbps (Prediction: DDoS_ICMP)
2025-04-21 18:26:40,00:00:00:00:00:12,00:00:00:00:00:13,Rate Limit at 500kbps (Prediction: DDoS_TCP)
2025-04-21 18:26:41,00:00:00:00:00:16,00:00:00:00:00:13,"Temporary Block (Prediction: DDoS_TCP, Detection Count: 3)"
2025-04-21 18:26:41,00:00:00:00:00:12,00:00:00:00:00:13,Rate Limit at 500kbps (Prediction: DDoS_TCP)
2025-04-21 18:26:45,00:00:00:00:00:13,00:00:00:00:00:11,Rate Limit at 500kbps (Prediction: DDoS_ICMP)
2025-04-21 18:26:45,00:00:00:00:00:12,00:00:00:00:00:13,Rate Limit at 500kbps (Prediction: DDoS_TCP)
2025-04-21 18:26:46,00:00:00:00:00:12,00:00:00:00:00:13,Rate Limit at 500kbps (Prediction: DDoS_TCP)
2025-04-21 18:26:50,00:00:00:00:00:12,00:00:00:00:00:13,Rate Limit at 500kbps (Prediction: DDoS_TCP)
2025-04-21 18:26:51,00:00:00:00:00:12,00:00:00:00:00:13,Rate Limit at 500kbps (Prediction: DDoS_TCP)
2025-04-21 18:26:55,00:00:00:00:00:12,00:00:00:00:00:13,Rate Limit at 500kbps (Prediction: DDoS_TCP)
2025-04-21 18:26:55,00:00:00:00:00:16,00:00:00:00:00:13,Rate Limit at 500kbps (Prediction: DDoS_TCP)
2025-04-21 18:26:55,00:00:00:00:00:13,00:00:00:00:00:12,Rate Limit at 500kbps (Prediction: DDoS_TCP)
2025-04-21 18:26:56,00:00:00:00:00:12,00:00:00:00:00:13,Rate Limit at 500kbps (Prediction: DDoS_TCP)
2025-04-21 18:26:56,00:00:00:00:00:13,00:00:00:00:00:12,Rate Limit at 500kbps (Prediction: DDoS_TCP)
2025-04-21 18:27:01,00:00:00:00:00:12,00:00:00:00:00:13,Rate Limit at 500kbps (Prediction: DDoS_TCP)
2025-04-21 18:27:01,00:00:00:00:00:11,00:00:00:00:00:13,Rate Limit at 500kbps (Prediction: DDoS_ICMP)
2025-04-21 18:27:01,00:00:00:00:00:16,00:00:00:00:00:13,Rate Limit at 500kbps (Prediction: DDoS_TCP)
2025-04-21 18:27:05,00:00:00:00:00:13,00:00:00:00:00:16,Rate Limit at 500kbps (Prediction: DDoS_TCP)
2025-04-21 18:27:05,00:00:00:00:00:16,00:00:00:00:00:13,"Temporary Block (Prediction: DDoS_TCP, Detection Count: 4)"
2025-04-21 18:27:06,00:00:00:00:00:13,00:00:00:00:00:16,Rate Limit at 500kbps (Prediction: DDoS_TCP)
2025-04-21 18:27:11,00:00:00:00:00:13,00:00:00:00:00:16,Rate Limit at 500kbps (Prediction: DDoS_TCP)
2025-04-21 18:27:15,00:00:00:00:00:12,00:00:00:00:00:13,"Temporary Block (Prediction: DDoS_TCP, Detection Count: 3)"
2025-04-21 18:27:16,00:00:00:00:00:13,00:00:00:00:00:16,Rate Limit at 500kbps (Prediction: DDoS_TCP)
2025-04-21 18:27:20,00:00:00:00:00:13,00:00:00:00:00:12,Rate Limit at 500kbps (Prediction: DDoS_TCP)
2025-04-21 18:27:25,00:00:00:00:00:13,00:00:00:00:00:12,Rate Limit at 500kbps (Prediction: DDoS_TCP)
2025-04-21 18:27:25,00:00:00:00:00:13,00:00:00:00:00:16,Rate Limit at 500kbps (Prediction: DDoS_TCP)
2025-04-21 18:27:25,00:00:00:00:00:16,00:00:00:00:00:13,Rate Limit at 500kbps (Prediction: DDoS_TCP)
2025-04-21 18:27:25,00:00:00:00:00:13,00:00:00:00:00:11,Rate Limit at 500kbps (Prediction: DDoS_ICMP)
2025-04-21 18:27:25,00:00:00:00:00:13,00:00:00:00:00:12,Rate Limit at 500kbps (Prediction: DDoS_TCP)
2025-04-21 18:27:26,00:00:00:00:00:16,00:00:00:00:00:13,"Permanent Block (Prediction: DDoS_TCP, Detection Count: 5)"
2025-04-21 18:27:30,00:00:00:00:00:16,00:00:00:00:00:13,Rate Limit at 500kbps (Prediction: DDoS_TCP)
2025-04-21 18:27:35,00:00:00:00:00:16,00:00:00:00:00:13,Rate Limit at 500kbps (Prediction: DDoS_TCP)
2025-04-21 18:27:35,00:00:00:00:00:12,00:00:00:00:00:13,Rate Limit at 500kbps (Prediction: DDoS_TCP)
2025-04-21 18:27:36,00:00:00:00:00:12,00:00:00:00:00:13,Rate Limit at 500kbps (Prediction: DDoS_TCP)
2025-04-21 18:27:40,00:00:00:00:00:12,00:00:00:00:00:13,Rate Limit at 500kbps (Prediction: DDoS_TCP)
2025-04-21 18:27:40,00:00:00:00:00:16,00:00:00:00:00:13,Rate Limit at 500kbps (Prediction: DDoS_TCP)
2025-04-21 18:27:41,00:00:00:00:00:12,00:00:00:00:00:13,Rate Limit at 500kbps (Prediction: DDoS_TCP)
2025-04-21 18:27:45,00:00:00:00:00:12,00:00:00:00:00:13,Rate Limit at 500kbps (Prediction: DDoS_TCP)
2025-04-21 18:27:45,00:00:00:00:00:13,00:00:00:00:00:12,Rate Limit at 500kbps (Prediction: DDoS_TCP)
2025-04-21 18:27:46,00:00:00:00:00:12,00:00:00:00:00:13,Rate Limit at 500kbps (Prediction: DDoS_TCP)
2025-04-21 18:27:46,00:00:00:00:00:13,00:00:00:00:00:12,Rate Limit at 500kbps (Prediction: DDoS_TCP)
2025-04-21 18:27:50,00:00:00:00:00:12,00:00:00:00:00:13,Rate Limit at 500kbps (Prediction: DDoS_TCP)
2025-04-21 18:27:50,00:00:00:00:00:13,00:00:00:00:00:12,Rate Limit at 500kbps (Prediction: DDoS_TCP)
2025-04-21 18:27:51,00:00:00:00:00:12,00:00:00:00:00:13,Rate Limit at 500kbps (Prediction: DDoS_TCP)
2025-04-21 18:27:51,00:00:00:00:00:13,00:00:00:00:00:12,Rate Limit at 500kbps (Prediction: DDoS_TCP)
2025-04-21 18:27:55,00:00:00:00:00:13,00:00:00:00:00:12,Rate Limit at 500kbps (Prediction: DDoS_TCP)
2025-04-21 18:28:01,00:00:00:00:00:11,00:00:00:00:00:13,Rate Limit at 500kbps (Prediction: DDoS_ICMP)
2025-04-21 18:28:10,00:00:00:00:00:12,00:00:00:00:00:13,Rate Limit at 500kbps (Prediction: DDoS_TCP)
2025-04-21 18:28:10,00:00:00:00:00:13,00:00:00:00:00:12,Rate Limit at 500kbps (Prediction: DDoS_TCP)
2025-04-21 18:28:11,00:00:00:00:00:12,00:00:00:00:00:13,Rate Limit at 500kbps (Prediction: DDoS_TCP)
2025-04-21 18:28:15,00:00:00:00:00:12,00:00:00:00:00:13,"Temporary Block (Prediction: DDoS_TCP, Detection Count: 4)"
2025-04-21 18:28:15,00:00:00:00:00:13,00:00:00:00:00:12,Rate Limit at 500kbps (Prediction: DDoS_TCP)
2025-04-21 18:28:16,00:00:00:00:00:12,00:00:00:00:00:13,Rate Limit at 500kbps (Prediction: DDoS_TCP)
2025-04-21 18:28:20,00:00:00:00:00:13,00:00:00:00:00:12,Rate Limit at 500kbps (Prediction: DDoS_TCP)
2025-04-21 18:28:20,00:00:00:00:00:12,00:00:00:00:00:13,"Permanent Block (Prediction: DDoS_TCP, Detection Count: 5)"
2025-04-21 18:28:20,00:00:00:00:00:13,00:00:00:00:00:12,Rate Limit at 500kbps (Prediction: DDoS_TCP)
2025-04-21 18:28:25,00:00:00:00:00:13,00:00:00:00:00:12,Rate Limit at 500kbps (Prediction: DDoS_TCP)
2025-04-21 18:28:29,00:00:00:00:00:13,00:00:00:00:00:12,Rate Limit at 500kbps (Prediction: DDoS_TCP)
2025-04-21 18:28:35,00:00:00:00:00:12,00:00:00:00:00:13,Rate Limit at 500kbps (Prediction: DDoS_TCP)
2025-04-21 18:28:40,00:00:00:00:00:12,00:00:00:00:00:13,Rate Limit at 500kbps (Prediction: DDoS_TCP)
2025-04-21 18:28:45,00:00:00:00:00:12,00:00:00:00:00:13,Rate Limit at 500kbps (Prediction: DDoS_TCP)
2025-04-21 18:28:50,00:00:00:00:00:12,00:00:00:00:00:13,Rate Limit at 500kbps (Prediction: DDoS_TCP)
2025-04-21 18:28:55,00:00:00:00:00:12,00:00:00:00:00:13,"Permanent Block (Prediction: DDoS_TCP, Detection Count: 6)"
2025-04-21 18:34:15,00:00:00:00:00:11,00:00:00:00:00:13,Rate Limit at 500kbps (Prediction: DDoS_ICMP)
2025-04-21 18:35:05,00:00:00:00:00:51,00:00:00:00:00:13,Rate Limit at 500kbps (Prediction: DDoS_TCP)
2025-04-21 18:35:06,00:00:00:00:00:13,00:00:00:00:00:51,Rate Limit at 500kbps (Prediction: DDoS_TCP)
2025-04-21 19:23:58,00:00:00:00:00:13,00:00:00:00:00:12,Rate Limit at 500kbps (Prediction: DDoS_TCP)
2025-04-21 19:23:59,00:00:00:00:00:13,00:00:00:00:00:12,Rate Limit at 500kbps (Prediction: DDoS_TCP)
2025-04-21 19:24:03,00:00:00:00:00:12,00:00:00:00:00:13,Rate Limit at 500kbps (Prediction: DDoS_TCP)
2025-04-21 19:24:03,00:00:00:00:00:13,00:00:00:00:00:16,Rate Limit at 500kbps (Prediction: DDoS_TCP)
2025-04-21 19:24:04,00:00:00:00:00:12,00:00:00:00:00:13,Rate Limit at 500kbps (Prediction: DDoS_TCP)
2025-04-21 19:24:04,00:00:00:00:00:13,00:00:00:00:00:16,Rate Limit at 500kbps (Prediction: DDoS_TCP)
2025-04-21 19:24:08,00:00:00:00:00:12,00:00:00:00:00:13,Rate Limit at 500kbps (Prediction: DDoS_TCP)
2025-04-21 19:24:09,00:00:00:00:00:16,00:00:00:00:00:13,Rate Limit at 500kbps (Prediction: DDoS_TCP)
2025-04-21 19:24:13,00:00:00:00:00:12,00:00:00:00:00:13,Rate Limit at 500kbps (Prediction: DDoS_TCP)
2025-04-21 19:24:13,00:00:00:00:00:16,00:00:00:00:00:13,Rate Limit at 500kbps (Prediction: DDoS_TCP)
2025-04-21 19:24:14,00:00:00:00:00:12,00:00:00:00:00:13,Rate Limit at 500kbps (Prediction: DDoS_TCP)
2025-04-21 19:24:14,00:00:00:00:00:16,00:00:00:00:00:13,Rate Limit at 500kbps (Prediction: DDoS_TCP)
2025-04-21 19:24:18,00:00:00:00:00:12,00:00:00:00:00:13,Rate Limit at 500kbps (Prediction: DDoS_TCP)
2025-04-21 19:24:18,00:00:00:00:00:16,00:00:00:00:00:13,Rate Limit at 500kbps (Prediction: DDoS_TCP)
2025-04-21 19:24:19,00:00:00:00:00:12,00:00:00:00:00:13,Rate Limit at 500kbps (Prediction: DDoS_TCP)
2025-04-21 19:24:19,00:00:00:00:00:16,00:00:00:00:00:13,Rate Limit at 500kbps (Prediction: DDoS_TCP)
2025-04-21 19:24:23,00:00:00:00:00:16,00:00:00:00:00:13,Rate Limit at 500kbps (Prediction: DDoS_TCP)
2025-04-21 19:24:23,00:00:00:00:00:13,00:00:00:00:00:16,Rate Limit at 500kbps (Prediction: DDoS_TCP)
2025-04-21 19:24:24,00:00:00:00:00:12,00:00:00:00:00:13,Rate Limit at 500kbps (Prediction: DDoS_TCP)
2025-04-21 19:24:24,00:00:00:00:00:16,00:00:00:00:00:13,Rate Limit at 500kbps (Prediction: DDoS_TCP)
2025-04-21 19:24:28,00:00:00:00:00:16,00:00:00:00:00:13,Rate Limit at 500kbps (Prediction: DDoS_TCP)
2025-04-21 19:24:28,00:00:00:00:00:13,00:00:00:00:00:12,Rate Limit at 500kbps (Prediction: DDoS_TCP)
2025-04-21 19:24:29,00:00:00:00:00:16,00:00:00:00:00:13,Rate Limit at 500kbps (Prediction: DDoS_TCP)
2025-04-21 19:24:33,00:00:00:00:00:13,00:00:00:00:00:12,Rate Limit at 500kbps (Prediction: DDoS_TCP)
2025-04-21 19:24:34,00:00:00:00:00:13,00:00:00:00:00:16,Rate Limit at 500kbps (Prediction: DDoS_TCP)
2025-04-21 19:24:38,00:00:00:00:00:12,00:00:00:00:00:13,Rate Limit at 500kbps (Prediction: DDoS_TCP)
2025-04-21 19:24:43,00:00:00:00:00:12,00:00:00:00:00:13,Rate Limit at 500kbps (Prediction: DDoS_TCP)
2025-04-21 19:24:43,00:00:00:00:00:13,00:00:00:00:00:16,Rate Limit at 500kbps (Prediction: DDoS_TCP)
2025-04-21 19:24:44,00:00:00:00:00:12,00:00:00:00:00:13,Rate Limit at 500kbps (Prediction: DDoS_TCP)
2025-04-21 19:24:48,00:00:00:00:00:12,00:00:00:00:00:13,Rate Limit at 500kbps (Prediction: DDoS_TCP)
2025-04-21 19:24:48,00:00:00:00:00:16,00:00:00:00:00:13,"Temporary Block (Prediction: DDoS_TCP, Detection Count: 3)"
2025-04-21 19:24:49,00:00:00:00:00:12,00:00:00:00:00:13,Rate Limit at 500kbps (Prediction: DDoS_TCP)
2025-04-21 19:24:49,00:00:00:00:00:16,00:00:00:00:00:13,Rate Limit at 500kbps (Prediction: DDoS_TCP)
2025-04-21 19:24:53,00:00:00:00:00:12,00:00:00:00:00:13,Rate Limit at 500kbps (Prediction: DDoS_TCP)
2025-04-21 19:24:53,00:00:00:00:00:16,00:00:00:00:00:13,Rate Limit at 500kbps (Prediction: DDoS_TCP)
2025-04-21 19:24:54,00:00:00:00:00:12,00:00:00:00:00:13,Rate Limit at 500kbps (Prediction: DDoS_TCP)
2025-04-21 19:24:58,00:00:00:00:00:13,00:00:00:00:00:12,Rate Limit at 500kbps (Prediction: DDoS_TCP)
2025-04-21 19:24:58,00:00:00:00:00:16,00:00:00:00:00:13,Rate Limit at 500kbps (Prediction: DDoS_TCP)
2025-04-21 19:24:58,00:00:00:00:00:13,00:00:00:00:00:12,Rate Limit at 500kbps (Prediction: DDoS_TCP)
2025-04-21 19:24:59,00:00:00:00:00:12,00:00:00:00:00:13,"Temporary Block (Prediction: DDoS_TCP, Detection Count: 3)"
2025-04-21 19:25:03,00:00:00:00:00:16,00:00:00:00:00:13,Rate Limit at 500kbps (Prediction: DDoS_TCP)
2025-04-21 19:25:08,00:00:00:00:00:16,00:00:00:00:00:13,Rate Limit at 500kbps (Prediction: DDoS_TCP)
2025-04-21 19:25:08,00:00:00:00:00:13,00:00:00:00:00:16,Rate Limit at 500kbps (Prediction: DDoS_TCP)
2025-04-21 19:25:09,00:00:00:00:00:16,00:00:00:00:00:13,Rate Limit at 500kbps (Prediction: DDoS_TCP)
2025-04-21 19:25:13,00:00:00:00:00:12,00:00:00:00:00:13,Rate Limit at 500kbps (Prediction: DDoS_TCP)
2025-04-21 19:25:13,00:00:00:00:00:13,00:00:00:00:00:16,Rate Limit at 500kbps (Prediction: DDoS_TCP)
2025-04-21 19:25:14,00:00:00:00:00:16,00:00:00:00:00:13,Rate Limit at 500kbps (Prediction: DDoS_TCP)
2025-04-21 19:25:14,00:00:00:00:00:13,00:00:00:00:00:16,Rate Limit at 500kbps (Prediction: DDoS_TCP)
2025-04-21 19:25:18,00:00:00:00:00:16,00:00:00:00:00:13,Rate Limit at 500kbps (Prediction: DDoS_TCP)
2025-04-21 19:25:18,00:00:00:00:00:12,00:00:00:00:00:13,"Temporary Block (Prediction: DDoS_TCP, Detection Count: 4)"
2025-04-21 19:25:19,00:00:00:00:00:13,00:00:00:00:00:12,Rate Limit at 500kbps (Prediction: DDoS_TCP)
2025-04-21 19:25:23,00:00:00:00:00:16,00:00:00:00:00:13,Rate Limit at 500kbps (Prediction: DDoS_TCP)
2025-04-21 19:25:23,00:00:00:00:00:13,00:00:00:00:00:16,Rate Limit at 500kbps (Prediction: DDoS_TCP)
2025-04-21 19:25:24,00:00:00:00:00:12,00:00:00:00:00:13,Rate Limit at 500kbps (Prediction: DDoS_TCP)
2025-04-21 19:25:29,00:00:00:00:00:16,00:00:00:00:00:13,"Temporary Block (Prediction: DDoS_TCP, Detection Count: 4)"
2025-04-21 19:25:33,00:00:00:00:00:13,00:00:00:00:00:16,Rate Limit at 500kbps (Prediction: DDoS_TCP)
2025-04-21 19:25:39,00:00:00:00:00:13,00:00:00:00:00:12,Rate Limit at 500kbps (Prediction: DDoS_TCP)
2025-04-21 19:25:39,00:00:00:00:00:12,00:00:00:00:00:13,"Permanent Block (Prediction: DDoS_TCP, Detection Count: 5)"
2025-04-21 19:25:43,00:00:00:00:00:13,00:00:00:00:00:12,Rate Limit at 500kbps (Prediction: DDoS_TCP)
2025-04-21 19:25:43,00:00:00:00:00:13,00:00:00:00:00:12,Rate Limit at 500kbps (Prediction: DDoS_TCP)
2025-04-21 19:25:48,00:00:00:00:00:16,00:00:00:00:00:13,"Permanent Block (Prediction: DDoS_TCP, Detection Count: 5)"
2025-04-21 19:25:49,00:00:00:00:00:12,00:00:00:00:00:13,Rate Limit at 500kbps (Prediction: DDoS_TCP)
2025-04-21 19:25:53,00:00:00:00:00:13,00:00:00:00:00:16,Rate Limit at 500kbps (Prediction: DDoS_TCP)
2025-04-21 19:25:54,00:00:00:00:00:16,00:00:00:00:00:13,Rate Limit at 500kbps (Prediction: DDoS_TCP)
2025-04-21 19:25:58,00:00:00:00:00:13,00:00:00:00:00:12,Rate Limit at 500kbps (Prediction: DDoS_TCP)
2025-04-21 19:25:58,00:00:00:00:00:13,00:00:00:00:00:16,Rate Limit at 500kbps (Prediction: DDoS_TCP)
2025-04-21 19:25:59,00:00:00:00:00:16,00:00:00:00:00:13,"Permanent Block (Prediction: DDoS_TCP, Detection Count: 6)"
2025-04-21 19:26:03,00:00:00:00:00:13,00:00:00:00:00:16,Rate Limit at 500kbps (Prediction: DDoS_TCP)
2025-04-21 19:26:08,00:00:00:00:00:12,00:00:00:00:00:13,Rate Limit at 500kbps (Prediction: DDoS_TCP)
2025-04-21 19:26:38,00:00:00:00:00:12,00:00:00:00:00:13,Rate Limit at 500kbps (Prediction: DDoS_TCP)
2025-04-21 19:26:43,00:00:00:00:00:12,00:00:00:00:00:13,Rate Limit at 500kbps (Prediction: DDoS_TCP)
2025-04-21 19:26:48,00:00:00:00:00:12,00:00:00:00:00:13,Rate Limit at 500kbps (Prediction: DDoS_TCP)
2025-04-21 19:26:53,00:00:00:00:00:12,00:00:00:00:00:13,Rate Limit at 500kbps (Prediction: DDoS_TCP)
2025-04-21 19:27:13,00:00:00:00:00:12,00:00:00:00:00:13,Rate Limit at 500kbps (Prediction: DDoS_TCP)
2025-04-21 19:27:18,00:00:00:00:00:12,00:00:00:00:00:13,Rate Limit at 500kbps (Prediction: DDoS_TCP)
2025-04-21 19:27:23,00:00:00:00:00:12,00:00:00:00:00:13,Rate Limit at 500kbps (Prediction: DDoS_TCP)
2025-04-21 19:27:28,00:00:00:00:00:12,00:00:00:00:00:13,"Permanent Block (Prediction: DDoS_TCP, Detection Count: 6)"
2025-04-21 19:53:39,00:00:00:00:00:13,00:00:00:00:00:16,Rate Limit at 500kbps (Prediction: DDoS_TCP)
2025-04-21 19:53:40,00:00:00:00:00:16,00:00:00:00:00:13,Rate Limit at 500kbps (Prediction: DDoS_TCP)
2025-04-21 19:53:40,00:00:00:00:00:13,00:00:00:00:00:16,Rate Limit at 500kbps (Prediction: DDoS_TCP)
2025-04-21 19:53:45,00:00:00:00:00:16,00:00:00:00:00:13,Rate Limit at 500kbps (Prediction: DDoS_TCP)
2025-04-21 19:53:49,00:00:00:00:00:16,00:00:00:00:00:13,Rate Limit at 500kbps (Prediction: DDoS_TCP)
2025-04-21 19:53:54,00:00:00:00:00:16,00:00:00:00:00:13,Rate Limit at 500kbps (Prediction: DDoS_TCP)
2025-04-21 19:53:59,00:00:00:00:00:16,00:00:00:00:00:13,Rate Limit at 500kbps (Prediction: DDoS_TCP)
2025-04-21 19:54:04,00:00:00:00:00:16,00:00:00:00:00:13,Rate Limit at 500kbps (Prediction: DDoS_TCP)
2025-04-21 19:54:04,00:00:00:00:00:13,00:00:00:00:00:16,Rate Limit at 500kbps (Prediction: DDoS_TCP)
2025-04-21 19:54:05,00:00:00:00:00:13,00:00:00:00:00:16,Rate Limit at 500kbps (Prediction: DDoS_TCP)
2025-04-21 19:54:24,00:00:00:00:00:13,00:00:00:00:00:16,Rate Limit at 500kbps (Prediction: DDoS_TCP)
2025-04-21 19:54:25,00:00:00:00:00:16,00:00:00:00:00:13,Rate Limit at 500kbps (Prediction: DDoS_TCP)
2025-04-21 19:54:25,00:00:00:00:00:13,00:00:00:00:00:16,Rate Limit at 500kbps (Prediction: DDoS_TCP)
2025-04-21 19:54:30,00:00:00:00:00:16,00:00:00:00:00:13,Rate Limit at 500kbps (Prediction: DDoS_TCP)
2025-04-21 19:54:44,00:00:00:00:00:16,00:00:00:00:00:13,Rate Limit at 500kbps (Prediction: DDoS_TCP)
2025-04-21 19:54:44,00:00:00:00:00:13,00:00:00:00:00:16,Rate Limit at 500kbps (Prediction: DDoS_TCP)
2025-04-21 19:54:45,00:00:00:00:00:16,00:00:00:00:00:13,Rate Limit at 500kbps (Prediction: DDoS_TCP)
2025-04-21 19:54:50,00:00:00:00:00:16,00:00:00:00:00:13,Rate Limit at 500kbps (Prediction: DDoS_TCP)
2025-04-21 19:54:50,00:00:00:00:00:13,00:00:00:00:00:16,Rate Limit at 500kbps (Prediction: DDoS_TCP)
2025-04-21 19:54:54,00:00:00:00:00:13,00:00:00:00:00:16,Rate Limit at 500kbps (Prediction: DDoS_TCP)
2025-04-21 19:55:09,00:00:00:00:00:13,00:00:00:00:00:16,Rate Limit at 500kbps (Prediction: DDoS_TCP)
2025-04-21 19:55:15,00:00:00:00:00:13,00:00:00:00:00:16,Rate Limit at 500kbps (Prediction: DDoS_TCP)
2025-04-21 19:55:20,00:00:00:00:00:13,00:00:00:00:00:16,Rate Limit at 500kbps (Prediction: DDoS_TCP)
2025-04-21 19:55:24,00:00:00:00:00:13,00:00:00:00:00:16,Rate Limit at 500kbps (Prediction: DDoS_TCP)
2025-04-21 19:55:30,00:00:00:00:00:13,00:00:00:00:00:16,Rate Limit at 500kbps (Prediction: DDoS_TCP)
2025-04-21 19:55:34,00:00:00:00:00:16,00:00:00:00:00:13,Rate Limit at 500kbps (Prediction: DDoS_TCP)
2025-04-21 19:55:44,00:00:00:00:00:16,00:00:00:00:00:13,Rate Limit at 500kbps (Prediction: DDoS_TCP)
2025-04-21 19:55:44,00:00:00:00:00:13,00:00:00:00:00:16,Rate Limit at 500kbps (Prediction: DDoS_TCP)
2025-04-21 19:55:49,00:00:00:00:00:16,00:00:00:00:00:13,Rate Limit at 500kbps (Prediction: DDoS_TCP)
2025-04-21 19:55:50,00:00:00:00:00:13,00:00:00:00:00:16,Rate Limit at 500kbps (Prediction: DDoS_TCP)
2025-04-21 19:55:54,00:00:00:00:00:13,00:00:00:00:00:16,Rate Limit at 500kbps (Prediction: DDoS_TCP)
2025-04-21 19:55:55,00:00:00:00:00:13,00:00:00:00:00:16,Rate Limit at 500kbps (Prediction: DDoS_TCP)
2025-04-21 19:55:59,00:00:00:00:00:13,00:00:00:00:00:16,Rate Limit at 500kbps (Prediction: DDoS_TCP)
2025-04-21 19:56:00,00:00:00:00:00:13,00:00:00:00:00:16,Rate Limit at 500kbps (Prediction: DDoS_TCP)
2025-04-21 19:56:04,00:00:00:00:00:13,00:00:00:00:00:16,Rate Limit at 500kbps (Prediction: DDoS_TCP)
2025-04-21 19:56:09,00:00:00:00:00:16,00:00:00:00:00:13,Rate Limit at 500kbps (Prediction: DDoS_TCP)
2025-04-21 19:56:10,00:00:00:00:00:16,00:00:00:00:00:13,Rate Limit at 500kbps (Prediction: DDoS_TCP)
2025-04-21 19:56:15,00:00:00:00:00:16,00:00:00:00:00:13,Rate Limit at 500kbps (Prediction: DDoS_TCP)
2025-04-21 19:56:19,00:00:00:00:00:13,00:00:00:00:00:16,Rate Limit at 500kbps (Prediction: DDoS_TCP)
2025-04-21 19:56:20,00:00:00:00:00:16,00:00:00:00:00:13,Rate Limit at 500kbps (Prediction: DDoS_TCP)
2025-04-21 19:56:24,00:00:00:00:00:16,00:00:00:00:00:13,Rate Limit at 500kbps (Prediction: DDoS_TCP)
2025-04-21 19:56:24,00:00:00:00:00:13,00:00:00:00:00:16,Rate Limit at 500kbps (Prediction: DDoS_TCP)
2025-04-21 19:56:25,00:00:00:00:00:16,00:00:00:00:00:13,Rate Limit at 500kbps (Prediction: DDoS_TCP)
2025-04-21 19:56:25,00:00:00:00:00:13,00:00:00:00:00:16,Rate Limit at 500kbps (Prediction: DDoS_TCP)
2025-04-21 19:56:29,00:00:00:00:00:16,00:00:00:00:00:13,Rate Limit at 500kbps (Prediction: DDoS_TCP)
2025-04-21 19:56:29,00:00:00:00:00:13,00:00:00:00:00:16,Rate Limit at 500kbps (Prediction: DDoS_TCP)
2025-04-21 19:56:30,00:00:00:00:00:13,00:00:00:00:00:16,Rate Limit at 500kbps (Prediction: DDoS_TCP)
2025-04-21 19:56:34,00:00:00:00:00:13,00:00:00:00:00:16,Rate Limit at 500kbps (Prediction: DDoS_TCP)
2025-04-21 19:56:50,00:00:00:00:00:13,00:00:00:00:00:16,Rate Limit at 500kbps (Prediction: DDoS_TCP)
2025-04-21 19:56:55,00:00:00:00:00:13,00:00:00:00:00:16,Rate Limit at 500kbps (Prediction: DDoS_TCP)
2025-04-21 19:56:55,00:00:00:00:00:16,00:00:00:00:00:13,Rate Limit at 500kbps (Prediction: DDoS_TCP)
2025-04-21 19:56:59,00:00:00:00:00:13,00:00:00:00:00:16,Rate Limit at 500kbps (Prediction: DDoS_TCP)
2025-04-21 19:57:00,00:00:00:00:00:13,00:00:00:00:00:16,Rate Limit at 500kbps (Prediction: DDoS_TCP)
2025-04-21 19:57:04,00:00:00:00:00:13,00:00:00:00:00:16,Rate Limit at 500kbps (Prediction: DDoS_TCP)
2025-04-21 19:57:09,00:00:00:00:00:13,00:00:00:00:00:16,Rate Limit at 500kbps (Prediction: DDoS_TCP)
2025-04-21 19:57:10,00:00:00:00:00:13,00:00:00:00:00:16,Rate Limit at 500kbps (Prediction: DDoS_TCP)
2025-04-21 19:57:14,00:00:00:00:00:13,00:00:00:00:00:16,Rate Limit at 500kbps (Prediction: DDoS_TCP)
2025-04-21 19:57:19,00:00:00:00:00:13,00:00:00:00:00:16,Rate Limit at 500kbps (Prediction: DDoS_TCP)
2025-04-21 19:57:30,00:00:00:00:00:13,00:00:00:00:00:16,Rate Limit at 500kbps (Prediction: DDoS_TCP)
2025-04-21 19:57:34,00:00:00:00:00:13,00:00:00:00:00:16,Rate Limit at 500kbps (Prediction: DDoS_TCP)
2025-04-21 19:57:39,00:00:00:00:00:13,00:00:00:00:00:16,Rate Limit at 500kbps (Prediction: DDoS_TCP)
2025-04-21 19:57:44,00:00:00:00:00:13,00:00:00:00:00:16,Rate Limit at 500kbps (Prediction: DDoS_TCP)
2025-04-21 19:57:45,00:00:00:00:00:13,00:00:00:00:00:16,Rate Limit at 500kbps (Prediction: DDoS_TCP)
2025-04-21 19:57:45,00:00:00:00:00:16,00:00:00:00:00:13,Rate Limit at 500kbps (Prediction: DDoS_TCP)
2025-04-21 19:57:49,00:00:00:00:00:13,00:00:00:00:00:16,Rate Limit at 500kbps (Prediction: DDoS_TCP)
2025-04-21 19:57:50,00:00:00:00:00:16,00:00:00:00:00:13,Rate Limit at 500kbps (Prediction: DDoS_TCP)
2025-04-21 19:57:55,00:00:00:00:00:13,00:00:00:00:00:16,Rate Limit at 500kbps (Prediction: DDoS_TCP)
2025-04-21 19:57:55,00:00:00:00:00:16,00:00:00:00:00:13,Rate Limit at 500kbps (Prediction: DDoS_TCP)
2025-04-21 19:58:00,00:00:00:00:00:13,00:00:00:00:00:16,Rate Limit at 500kbps (Prediction: DDoS_TCP)
2025-04-21 19:58:00,00:00:00:00:00:16,00:00:00:00:00:13,Rate Limit at 500kbps (Prediction: DDoS_TCP)
2025-04-21 19:58:04,00:00:00:00:00:16,00:00:00:00:00:13,Rate Limit at 500kbps (Prediction: DDoS_TCP)
2025-04-21 19:58:09,00:00:00:00:00:13,00:00:00:00:00:16,Rate Limit at 500kbps (Prediction: DDoS_TCP)
2025-04-21 19:58:14,00:00:00:00:00:13,00:00:00:00:00:16,Rate Limit at 500kbps (Prediction: DDoS_TCP)
2025-04-21 19:58:24,00:00:00:00:00:16,00:00:00:00:00:13,Rate Limit at 500kbps (Prediction: DDoS_TCP)
2025-04-21 19:58:25,00:00:00:00:00:13,00:00:00:00:00:16,Rate Limit at 500kbps (Prediction: DDoS_TCP)
2025-04-21 19:58:25,00:00:00:00:00:16,00:00:00:00:00:13,Rate Limit at 500kbps (Prediction: DDoS_TCP)
2025-04-21 19:58:30,00:00:00:00:00:13,00:00:00:00:00:16,Rate Limit at 500kbps (Prediction: DDoS_TCP)
2025-04-21 19:58:30,00:00:00:00:00:16,00:00:00:00:00:13,Rate Limit at 500kbps (Prediction: DDoS_TCP)
2025-04-21 19:58:35,00:00:00:00:00:16,00:00:00:00:00:13,Rate Limit at 500kbps (Prediction: DDoS_TCP)
2025-04-21 19:58:39,00:00:00:00:00:16,00:00:00:00:00:13,Rate Limit at 500kbps (Prediction: DDoS_TCP)
2025-04-21 19:58:44,00:00:00:00:00:16,00:00:00:00:00:13,Rate Limit at 500kbps (Prediction: DDoS_TCP)
2025-04-21 19:58:45,00:00:00:00:00:16,00:00:00:00:00:13,Rate Limit at 500kbps (Prediction: DDoS_TCP)
2025-04-21 20:01:19,00:00:00:00:00:13,00:00:00:00:00:16,Rate Limit at 500kbps (Prediction: DDoS_TCP)
2025-04-21 20:01:20,00:00:00:00:00:13,00:00:00:00:00:16,Rate Limit at 500kbps (Prediction: DDoS_TCP)
2025-04-21 20:01:24,00:00:00:00:00:16,00:00:00:00:00:13,Rate Limit at 500kbps (Prediction: DDoS_TCP)
2025-04-21 20:01:25,00:00:00:00:00:16,00:00:00:00:00:13,Rate Limit at 500kbps (Prediction: DDoS_TCP)
2025-04-21 20:01:39,00:00:00:00:00:16,00:00:00:00:00:13,Rate Limit at 500kbps (Prediction: DDoS_TCP)
2025-04-21 20:01:40,00:00:00:00:00:16,00:00:00:00:00:13,Rate Limit at 500kbps (Prediction: DDoS_TCP)
2025-04-21 20:01:40,00:00:00:00:00:13,00:00:00:00:00:16,Rate Limit at 500kbps (Prediction: DDoS_TCP)
2025-04-21 20:01:55,00:00:00:00:00:13,00:00:00:00:00:16,Rate Limit at 500kbps (Prediction: DDoS_TCP)
2025-04-21 20:01:59,00:00:00:00:00:13,00:00:00:00:00:16,Rate Limit at 500kbps (Prediction: DDoS_TCP)
2025-04-21 20:01:59,00:00:00:00:00:16,00:00:00:00:00:13,Rate Limit at 500kbps (Prediction: DDoS_TCP)
2025-04-21 20:02:00,00:00:00:00:00:13,00:00:00:00:00:16,Rate Limit at 500kbps (Prediction: DDoS_TCP)
2025-04-21 20:02:00,00:00:00:00:00:16,00:00:00:00:00:13,Rate Limit at 500kbps (Prediction: DDoS_TCP)
2025-04-21 20:02:04,00:00:00:00:00:13,00:00:00:00:00:16,Rate Limit at 500kbps (Prediction: DDoS_TCP)
2025-04-21 20:02:04,00:00:00:00:00:16,00:00:00:00:00:13,Rate Limit at 500kbps (Prediction: DDoS_TCP)
2025-04-21 20:02:09,00:00:00:00:00:13,00:00:00:00:00:16,Rate Limit at 500kbps (Prediction: DDoS_TCP)
2025-04-21 20:02:20,00:00:00:00:00:16,00:00:00:00:00:13,Rate Limit at 500kbps (Prediction: DDoS_TCP)
2025-04-21 20:02:24,00:00:00:00:00:16,00:00:00:00:00:13,Rate Limit at 500kbps (Prediction: DDoS_TCP)
2025-04-21 20:02:29,00:00:00:00:00:13,00:00:00:00:00:16,Rate Limit at 500kbps (Prediction: DDoS_TCP)
2025-04-21 20:02:30,00:00:00:00:00:13,00:00:00:00:00:16,Rate Limit at 500kbps (Prediction: DDoS_TCP)
2025-04-21 20:02:44,00:00:00:00:00:16,00:00:00:00:00:13,Rate Limit at 500kbps (Prediction: DDoS_TCP)
2025-04-21 20:02:45,00:00:00:00:00:16,00:00:00:00:00:13,Rate Limit at 500kbps (Prediction: DDoS_TCP)
2025-04-21 20:02:49,00:00:00:00:00:16,00:00:00:00:00:13,Rate Limit at 500kbps (Prediction: DDoS_TCP)
2025-04-21 20:02:50,00:00:00:00:00:16,00:00:00:00:00:13,Rate Limit at 500kbps (Prediction: DDoS_TCP)
2025-04-21 20:02:55,00:00:00:00:00:16,00:00:00:00:00:13,Rate Limit at 500kbps (Prediction: DDoS_TCP)
2025-04-21 20:02:59,00:00:00:00:00:13,00:00:00:00:00:16,Rate Limit at 500kbps (Prediction: DDoS_TCP)
2025-04-21 20:03:00,00:00:00:00:00:13,00:00:00:00:00:16,Rate Limit at 500kbps (Prediction: DDoS_TCP)
2025-04-21 20:03:20,00:00:00:00:00:16,00:00:00:00:00:13,Rate Limit at 500kbps (Prediction: DDoS_TCP)
2025-04-21 20:03:30,00:00:00:00:00:13,00:00:00:00:00:16,Rate Limit at 500kbps (Prediction: DDoS_TCP)
2025-04-21 20:03:34,00:00:00:00:00:13,00:00:00:00:00:16,Rate Limit at 500kbps (Prediction: DDoS_TCP)
2025-04-21 20:03:35,00:00:00:00:00:16,00:00:00:00:00:13,Rate Limit at 500kbps (Prediction: DDoS_TCP)
2025-04-21 20:03:39,00:00:00:00:00:13,00:00:00:00:00:16,Rate Limit at 500kbps (Prediction: DDoS_TCP)
2025-04-21 20:03:40,00:00:00:00:00:16,00:00:00:00:00:13,Rate Limit at 500kbps (Prediction: DDoS_TCP)
2025-04-21 20:03:45,00:00:00:00:00:16,00:00:00:00:00:13,Rate Limit at 500kbps (Prediction: DDoS_TCP)
2025-04-21 20:03:49,00:00:00:00:00:13,00:00:00:00:00:16,Rate Limit at 500kbps (Prediction: DDoS_TCP)
2025-04-21 20:03:50,00:00:00:00:00:16,00:00:00:00:00:13,Rate Limit at 500kbps (Prediction: DDoS_TCP)
2025-04-21 20:03:55,00:00:00:00:00:13,00:00:00:00:00:16,Rate Limit at 500kbps (Prediction: DDoS_TCP)
2025-04-21 20:04:00,00:00:00:00:00:16,00:00:00:00:00:13,Rate Limit at 500kbps (Prediction: DDoS_TCP)
2025-04-21 20:04:00,00:00:00:00:00:13,00:00:00:00:00:16,Rate Limit at 500kbps (Prediction: DDoS_TCP)
2025-04-21 20:04:04,00:00:00:00:00:16,00:00:00:00:00:13,Rate Limit at 500kbps (Prediction: DDoS_TCP)
2025-04-21 20:04:04,00:00:00:00:00:13,00:00:00:00:00:16,Rate Limit at 500kbps (Prediction: DDoS_TCP)
2025-04-21 20:04:15,00:00:00:00:00:13,00:00:00:00:00:16,Rate Limit at 500kbps (Prediction: DDoS_TCP)
2025-04-21 20:04:25,00:00:00:00:00:16,00:00:00:00:00:13,Rate Limit at 500kbps (Prediction: DDoS_TCP)
2025-04-21 20:04:29,00:00:00:00:00:13,00:00:00:00:00:16,Rate Limit at 500kbps (Prediction: DDoS_TCP)
2025-04-21 20:04:30,00:00:00:00:00:16,00:00:00:00:00:13,Rate Limit at 500kbps (Prediction: DDoS_TCP)
2025-04-21 20:04:35,00:00:00:00:00:16,00:00:00:00:00:13,Rate Limit at 500kbps (Prediction: DDoS_TCP)
2025-04-21 20:04:35,00:00:00:00:00:13,00:00:00:00:00:16,Rate Limit at 500kbps (Prediction: DDoS_TCP)
2025-04-21 20:04:35,00:00:00:00:00:16,00:00:00:00:00:13,Rate Limit at 500kbps (Prediction: DDoS_TCP)
2025-04-21 20:04:39,00:00:00:00:00:16,00:00:00:00:00:13,Rate Limit at 500kbps (Prediction: DDoS_TCP)
2025-04-21 20:04:44,00:00:00:00:00:16,00:00:00:00:00:13,Rate Limit at 500kbps (Prediction: DDoS_TCP)
2025-04-21 20:04:45,00:00:00:00:00:16,00:00:00:00:00:13,Rate Limit at 500kbps (Prediction: DDoS_TCP)
2025-04-21 20:04:55,00:00:00:00:00:13,00:00:00:00:00:16,Rate Limit at 500kbps (Prediction: DDoS_TCP)
2025-04-21 20:05:04,00:00:00:00:00:13,00:00:00:00:00:16,Rate Limit at 500kbps (Prediction: DDoS_TCP)
2025-04-21 20:05:04,00:00:00:00:00:16,00:00:00:00:00:13,Rate Limit at 500kbps (Prediction: DDoS_TCP)
2025-04-21 20:05:05,00:00:00:00:00:16,00:00:00:00:00:13,Rate Limit at 500kbps (Prediction: DDoS_TCP)
2025-04-21 20:05:09,00:00:00:00:00:16,00:00:00:00:00:13,Rate Limit at 500kbps (Prediction: DDoS_TCP)
2025-04-21 20:05:10,00:00:00:00:00:16,00:00:00:00:00:13,Rate Limit at 500kbps (Prediction: DDoS_TCP)
2025-04-21 20:05:15,00:00:00:00:00:16,00:00:00:00:00:13,Rate Limit at 500kbps (Prediction: DDoS_TCP)
2025-04-21 20:05:19,00:00:00:00:00:16,00:00:00:00:00:13,Rate Limit at 500kbps (Prediction: DDoS_TCP)
2025-04-21 20:05:25,00:00:00:00:00:13,00:00:00:00:00:16,Rate Limit at 500kbps (Prediction: DDoS_TCP)
2025-04-21 20:05:30,00:00:00:00:00:13,00:00:00:00:00:16,Rate Limit at 500kbps (Prediction: DDoS_TCP)
2025-04-21 20:05:35,00:00:00:00:00:16,00:00:00:00:00:13,Rate Limit at 500kbps (Prediction: DDoS_TCP)
2025-04-21 20:05:44,00:00:00:00:00:13,00:00:00:00:00:16,Rate Limit at 500kbps (Prediction: DDoS_TCP)
2025-04-21 20:05:44,00:00:00:00:00:16,00:00:00:00:00:13,Rate Limit at 500kbps (Prediction: DDoS_TCP)
2025-04-21 20:05:55,00:00:00:00:00:16,00:00:00:00:00:13,Rate Limit at 500kbps (Prediction: DDoS_TCP)
2025-04-21 20:06:04,00:00:00:00:00:16,00:00:00:00:00:13,Rate Limit at 500kbps (Prediction: DDoS_TCP)
2025-04-21 20:06:04,00:00:00:00:00:13,00:00:00:00:00:16,Rate Limit at 500kbps (Prediction: DDoS_TCP)
2025-04-21 20:06:05,00:00:00:00:00:13,00:00:00:00:00:16,Rate Limit at 500kbps (Prediction: DDoS_TCP)
2025-04-21 20:06:15,00:00:00:00:00:16,00:00:00:00:00:13,Rate Limit at 500kbps (Prediction: DDoS_TCP)
2025-04-21 20:06:30,00:00:00:00:00:13,00:00:00:00:00:16,Rate Limit at 500kbps (Prediction: DDoS_TCP)
2025-04-21 20:06:30,00:00:00:00:00:16,00:00:00:00:00:13,Rate Limit at 500kbps (Prediction: DDoS_TCP)
2025-04-21 20:06:35,00:00:00:00:00:13,00:00:00:00:00:16,Rate Limit at 500kbps (Prediction: DDoS_TCP)
2025-04-21 20:06:40,00:00:00:00:00:16,00:00:00:00:00:13,Rate Limit at 500kbps (Prediction: DDoS_TCP)
2025-04-21 20:06:50,00:00:00:00:00:16,00:00:00:00:00:13,Rate Limit at 500kbps (Prediction: DDoS_TCP)
2025-04-21 20:07:00,00:00:00:00:00:13,00:00:00:00:00:16,Rate Limit at 500kbps (Prediction: DDoS_TCP)
2025-04-21 20:07:05,00:00:00:00:00:16,00:00:00:00:00:13,Rate Limit at 500kbps (Prediction: DDoS_TCP)
2025-04-21 20:07:05,00:00:00:00:00:13,00:00:00:00:00:16,Rate Limit at 500kbps (Prediction: DDoS_TCP)
2025-04-21 20:07:15,00:00:00:00:00:16,00:00:00:00:00:13,Rate Limit at 500kbps (Prediction: DDoS_TCP)
2025-04-21 20:07:20,00:00:00:00:00:16,00:00:00:00:00:13,Rate Limit at 500kbps (Prediction: DDoS_TCP)
2025-04-21 20:07:25,00:00:00:00:00:16,00:00:00:00:00:13,Rate Limit at 500kbps (Prediction: DDoS_TCP)
2025-04-21 20:07:30,00:00:00:00:00:13,00:00:00:00:00:16,Rate Limit at 500kbps (Prediction: DDoS_TCP)
2025-04-21 20:07:35,00:00:00:00:00:16,00:00:00:00:00:13,Rate Limit at 500kbps (Prediction: DDoS_TCP)
2025-04-21 20:07:35,00:00:00:00:00:13,00:00:00:00:00:16,Rate Limit at 500kbps (Prediction: DDoS_TCP)
2025-04-21 20:07:45,00:00:00:00:00:16,00:00:00:00:00:13,Rate Limit at 500kbps (Prediction: DDoS_TCP)
2025-04-21 20:07:50,00:00:00:00:00:16,00:00:00:00:00:13,Rate Limit at 500kbps (Prediction: DDoS_TCP)
2025-04-21 20:07:54,00:00:00:00:00:16,00:00:00:00:00:13,Rate Limit at 500kbps (Prediction: DDoS_TCP)
2025-04-21 20:07:55,00:00:00:00:00:13,00:00:00:00:00:16,Rate Limit at 500kbps (Prediction: DDoS_TCP)
2025-04-21 20:08:00,00:00:00:00:00:16,00:00:00:00:00:13,Rate Limit at 500kbps (Prediction: DDoS_TCP)
2025-04-21 20:08:00,00:00:00:00:00:13,00:00:00:00:00:16,Rate Limit at 500kbps (Prediction: DDoS_TCP)
2025-04-21 20:08:00,00:00:00:00:00:13,00:00:00:00:00:16,Rate Limit at 500kbps (Prediction: DDoS_TCP)
2025-04-21 20:08:05,00:00:00:00:00:16,00:00:00:00:00:13,Rate Limit at 500kbps (Prediction: DDoS_TCP)
2025-04-21 20:08:10,00:00:00:00:00:16,00:00:00:00:00:13,Rate Limit at 500kbps (Prediction: DDoS_TCP)
2025-04-21 20:08:15,00:00:00:00:00:16,00:00:00:00:00:13,Rate Limit at 500kbps (Prediction: DDoS_TCP)
2025-04-21 20:08:20,00:00:00:00:00:16,00:00:00:00:00:13,Rate Limit at 500kbps (Prediction: DDoS_TCP)
2025-04-21 20:08:20,00:00:00:00:00:13,00:00:00:00:00:16,Rate Limit at 500kbps (Prediction: DDoS_TCP)
2025-04-21 20:08:21,00:00:00:00:00:13,00:00:00:00:00:16,Rate Limit at 500kbps (Prediction: DDoS_TCP)
2025-04-21 20:08:21,00:00:00:00:00:16,00:00:00:00:00:13,Rate Limit at 500kbps (Prediction: DDoS_TCP)
2025-04-21 20:08:25,00:00:00:00:00:13,00:00:00:00:00:16,Rate Limit at 500kbps (Prediction: DDoS_TCP)
2025-04-21 20:08:30,00:00:00:00:00:16,00:00:00:00:00:13,Rate Limit at 500kbps (Prediction: DDoS_TCP)
2025-04-21 20:08:35,00:00:00:00:00:16,00:00:00:00:00:13,Rate Limit at 500kbps (Prediction: DDoS_TCP)
2025-04-21 20:08:40,00:00:00:00:00:16,00:00:00:00:00:13,Rate Limit at 500kbps (Prediction: DDoS_TCP)
2025-04-21 20:08:45,00:00:00:00:00:13,00:00:00:00:00:16,Rate Limit at 500kbps (Prediction: DDoS_TCP)
2025-04-21 20:08:45,00:00:00:00:00:16,00:00:00:00:00:13,Rate Limit at 500kbps (Prediction: DDoS_TCP)
2025-04-21 20:08:45,00:00:00:00:00:13,00:00:00:00:00:16,Rate Limit at 500kbps (Prediction: DDoS_TCP)
